{
    "destinationAddress": "",
    "destinationPort": "",
    "dummyHeader": "none",
    "encapsulation": 1,
    "ethertype": "",
    "hexdump.hasDirection": false,
    "hexdump.identifyAscii": false,
    "hexdump.offsets": "hex",
    "interfaceName": "",
    "ipProtocol": "",
    "ipVersion": 4,
    "maxFrameLength": "",
    "mode": "hexdump",
    "pduPayload": "data",
    "regex.encoding": "plainHex",
    "regex.format": "",
    "regex.inIndication": "",
    "regex.outIndication": "",
    "sctpPPI": "",
    "sctpTag": "",
    "sourceAddress": "",
    "sourcePort": "",
    "timestampFormat": ""
}
